cpu_usage_pct,memory_pressure,latency_ms,error_rate,request_rate,pod_restarts,is_anomaly
40.4336,0.6554,14.1147,0.0213,145.1349,0,0
44.8269,0.406,22.9563,0.0049,161.9846,1,0
16.5913,0.3213,28.4975,0.0573,88.9107,0,0
29.2634,0.313,11.8238,0.019,138.2621,0,0
23.7536,0.4591,17.0232,0.0473,122.9348,0,0
44.3568,0.3913,15.5192,0.0325,127.1888,0,0
25.104,0.4355,11.4498,0.0718,110.1153,0,0
25.9244,0.3332,15.2875,0.1059,135.1847,0,0
31.7452,0.3331,257.4886,0.1908,574.2721,4,1
27.1675,0.6304,11.1376,0.0036,155.447,0,0
30.6027,0.4358,21.2836,0.0002,116.6998,0,0
35.8705,0.3829,14.3294,0.0105,115.4965,0,0
43.2317,0.2798,21.004,0.143,103.8123,0,0
88.7292,0.512,390.092,0.4063,754.1244,6,1
51.6125,0.455,486.0,0.2541,449.2924,6,1
98.1829,0.4107,339.9063,0.0538,546.0578,5,1
36.1352,0.4886,12.1701,0.0003,144.2411,0,0
90.6227,0.9606,447.0492,0.2071,654.3797,5,1
36.2201,0.2624,22.4561,0.167,152.9695,0,0
33.6986,0.5524,10.5644,0.0298,99.3985,0,0
28.9601,0.3712,23.5299,0.0053,103.5628,0,0
37.7669,0.6573,25.8619,0.0021,102.9165,0,0
39.98,0.4872,25.4168,0.0262,98.5925,0,0
35.4808,0.5748,14.3975,0.0474,119.6009,0,0
40.7089,0.5426,28.3951,0.0093,81.2832,1,0
41.3392,0.5016,8.9822,0.0129,149.0871,0,0
30.7935,0.4922,17.636,0.0366,111.6148,0,0
48.8586,0.8673,283.6606,0.2236,669.2734,5,1
27.6725,0.9862,321.8208,0.376,941.9125,9,1
32.7855,0.5376,428.0049,0.3996,638.9273,3,1
20.5192,0.4476,18.0012,0.0241,142.3096,0,0
22.6914,0.4532,16.7513,0.0006,148.4644,0,0
39.7147,0.3768,22.6736,0.1134,143.1241,0,0
21.172,0.423,20.9272,0.0021,104.7897,0,0
35.2451,0.3075,23.7924,0.0466,122.5356,0,0
35.5821,0.6272,21.3655,0.0083,151.8797,0,0
31.2518,0.3861,12.4546,0.0173,120.1882,0,0
36.8187,0.4299,15.2136,0.0651,145.737,0,0
23.5346,0.5782,122.8691,0.2039,839.8036,3,1
44.7555,0.7096,25.8895,0.0269,156.0735,0,0
41.2412,0.3314,19.258,0.0792,57.7654,0,0
37.9612,0.2669,16.0857,0.0353,129.2204,0,0
43.2542,0.2833,13.3851,0.0912,82.9159,0,0
22.1656,0.5123,386.7176,0.2418,821.8396,2,1
41.2963,0.3484,13.5306,0.0547,181.2653,0,0
28.9978,0.3595,23.6852,0.0544,118.531,0,0
52.4607,0.9267,383.1334,0.4703,492.1569,0,1
25.7783,0.6543,12.0116,0.0742,136.2086,1,0
34.4445,0.1917,9.1948,0.0342,207.5452,1,0
25.0165,0.4741,23.5107,0.0201,76.4722,0,0
35.1842,0.5146,20.0861,0.0317,101.8453,0,0
88.5178,0.391,319.0697,0.33,747.71,2,1
34.4047,0.4761,19.7133,0.0121,53.3874,0,0
20.2141,0.4234,21.9979,0.0146,122.3872,0,0
20.7525,0.3623,21.6922,0.042,134.8742,0,0
28.9829,0.7532,16.6592,0.0653,93.9522,0,0
42.2577,0.4974,14.2965,0.0393,105.0611,0,0
30.3658,0.4744,24.6425,0.0078,167.7801,0,0
16.3273,0.5072,22.4875,0.002,77.9979,0,0
29.8271,0.4213,19.0513,0.0385,83.0271,0,0
43.996,0.3184,17.8409,0.0307,122.2983,0,0
45.31,0.4729,21.0672,0.0142,139.3676,0,0
40.298,0.6916,29.8586,0.0154,157.5762,0,0
73.5273,0.4055,18.8577,0.0535,127.1566,0,0
39.1343,0.5179,29.974,0.0435,152.5259,0,0
24.1894,0.6494,9.0208,0.0005,104.204,0,0
34.6725,0.364,8.8658,0.0607,102.4075,1,0
86.8695,0.5382,345.7413,0.2626,303.7293,4,1
38.614,0.5788,18.2616,0.0411,57.2909,1,0
49.4157,0.4664,8.6146,0.0041,96.6294,0,0
36.7458,0.5048,21.0524,0.0166,127.2372,0,0
26.3872,0.5929,9.821,0.0965,87.6446,0,0
35.7157,0.5295,28.4334,0.0313,97.2309,0,0
22.2042,0.0994,26.2887,0.0064,113.8962,0,0
29.1064,0.432,25.1335,0.0397,167.9497,0,0
28.773,0.5341,20.5915,0.0119,134.6332,0,0
32.3111,0.3518,22.1014,0.0562,82.7326,0,0
36.9686,0.583,28.2637,0.0345,158.4282,0,0
26.4392,0.5382,26.5342,0.031,94.4501,0,0
29.0843,0.7203,13.0975,0.0177,82.9646,0,0
47.7156,0.3156,19.5617,0.0283,141.9916,0,0
34.2799,0.5229,31.0257,0.0163,202.6565,0,0
39.621,0.3124,15.6689,0.0116,137.0032,0,0
45.0353,0.4724,16.9447,0.0722,110.8317,0,0
38.2417,0.5214,21.8125,0.0199,185.5528,0,0
38.7115,0.594,16.8653,0.0057,152.7632,0,0
54.7899,0.8995,286.7965,0.288,377.1005,6,1
34.6237,0.5384,24.106,0.0594,123.2117,0,0
45.5364,0.3541,13.7054,0.1219,131.452,0,0
42.9166,0.4382,25.4337,0.0298,152.1324,0,0
13.761,0.4394,9.3369,0.0245,150.8631,0,0
44.5514,0.569,27.9688,0.0197,86.1581,0,0
28.3738,0.2854,22.4652,0.109,116.9402,1,0
30.1464,0.3939,16.9911,0.0067,120.0944,0,0
39.5918,0.5008,17.7275,0.0008,145.2534,0,0
51.2862,0.2297,18.6111,0.0069,93.9214,0,0
46.4927,0.4283,23.2149,0.0674,122.4832,0,0
29.7024,0.4793,19.915,0.0085,97.8291,0,0
23.0379,0.6393,8.3882,0.0072,128.7469,0,0
50.7957,0.5961,20.5206,0.0222,109.0428,0,0
36.1423,0.458,21.3089,0.0107,140.638,0,0
49.7536,0.3985,12.7972,0.0015,128.6755,0,0
96.4922,0.5067,386.9655,0.3004,405.4484,4,1
47.6691,0.5235,5.186,0.0079,75.8389,0,0
18.4514,0.5619,21.4512,0.0206,154.8678,0,0
32.5426,0.6351,5.0799,0.0325,121.8565,0,0
38.376,0.5695,10.4856,0.0446,84.0082,0,0
27.3034,0.9666,328.7638,0.2202,461.5025,2,1
32.5461,0.4116,11.4542,0.0202,96.8468,0,0
44.5779,0.45,323.4426,0.369,598.4076,5,1
37.5972,0.3773,6.8008,0.017,102.0053,0,0
31.3716,0.3393,16.1188,0.0957,170.0977,0,0
89.2807,0.9863,273.5673,0.3046,592.7121,1,1
37.6705,0.3301,18.5154,0.0707,115.1874,1,0
44.154,0.3275,16.1447,0.0028,112.1176,0,0
32.3059,0.535,22.0372,0.0334,188.2748,0,0
32.7654,0.392,17.8416,0.001,89.1779,0,0
32.8745,0.7253,454.6864,0.5344,759.7314,4,1
28.4816,0.5391,10.733,0.1115,105.9972,0,0
38.5702,0.4292,20.1087,0.0088,120.2635,0,0
41.5093,0.5909,184.3588,0.4732,459.8838,7,1
48.6863,0.467,21.2827,0.083,107.7762,0,0
38.9914,0.5561,12.495,0.0031,101.4836,0,0
25.7307,0.4271,17.6706,0.0019,131.6881,0,0
36.8645,0.4787,20.8062,0.0197,78.321,0,0
30.7902,0.4199,19.1937,0.0298,82.1169,0,0
57.7069,0.38,12.113,0.0024,110.6199,0,0
41.6967,0.4381,26.9392,0.0058,120.4808,1,0
91.3916,0.9629,469.5311,0.3391,473.2494,3,1
44.3828,0.5196,21.4237,0.005,82.8131,0,0
38.773,0.4526,8.9815,0.0196,113.3839,1,0
29.69,0.4715,30.5307,0.0419,140.7486,0,0
22.5222,0.4938,18.5375,0.0343,115.5838,0,0
27.8648,0.5222,441.6358,0.2928,709.9906,4,1
25.9568,0.6691,24.0451,0.0219,73.2364,0,0
44.3128,0.4556,26.242,0.0139,120.5814,0,0
42.9103,0.4654,17.2125,0.0,160.5256,0,0
42.5897,0.3156,14.744,0.0062,153.6712,0,0
36.1092,0.6653,24.5159,0.0368,132.4432,0,0
34.6417,0.466,14.2641,0.0528,112.0319,0,0
20.2148,0.6159,12.4359,0.0546,140.1583,0,0
28.4667,0.2102,17.8244,0.0419,112.9287,0,0
17.8983,0.2995,25.0175,0.0398,118.1989,0,0
41.6213,0.5006,9.7223,0.0595,94.558,0,0
85.8103,0.9028,337.1109,0.349,670.5091,1,1
30.2369,0.9522,252.8804,0.3271,494.1497,4,1
33.1313,0.6081,20.8912,0.0008,114.6225,0,0
22.997,0.5379,21.7294,0.1235,116.2997,0,0
57.989,0.403,20.2049,0.0196,170.6757,0,0
40.9516,0.4837,19.6643,0.06,131.495,0,0
19.9686,0.4721,14.8438,0.0717,123.423,0,0
23.087,0.5759,19.7322,0.0087,79.7978,0,0
34.3188,0.983,293.1802,0.4223,366.3076,5,1
17.4126,0.4129,22.3091,0.0423,113.6585,0,0
43.901,0.7757,396.8791,0.2818,571.2697,6,1
28.0027,0.6168,20.9893,0.0121,126.5598,0,0
32.9781,0.411,23.6254,0.116,106.7922,0,0
22.4889,0.4862,11.9763,0.0043,139.3379,0,0
30.2083,0.4131,27.8398,0.0338,87.1419,1,0
30.6062,0.3439,340.5836,0.414,523.2866,3,1
29.8998,0.3718,21.1351,0.0236,125.6543,0,0
52.708,0.3598,18.2276,0.0065,142.3545,0,0
41.9621,0.5211,15.6479,0.0125,110.8912,0,0
53.4896,0.5434,24.3596,0.0031,105.3334,0,0
32.353,0.8572,335.8049,0.322,690.0731,1,1
8.4903,0.3271,11.3009,0.0051,160.5305,0,0
43.1286,0.6413,17.0216,0.0105,56.8575,0,0
39.4426,0.1053,24.2115,0.0566,154.508,0,0
48.0548,0.5727,22.9768,0.0015,141.93,0,0
32.8232,0.1501,8.3546,0.0239,158.6423,1,0
50.3274,0.3669,17.1758,0.005,164.3422,0,0
46.1957,0.522,18.0408,0.0073,109.8931,0,0
15.8123,0.5271,15.1016,0.0131,147.7053,0,0
45.264,0.4497,346.6525,0.3044,522.7275,6,1
28.5343,0.3764,9.4563,0.0768,191.4514,0,0
39.0171,0.5574,17.3807,0.0031,124.0777,1,0
19.8063,0.583,14.426,0.0339,89.7465,0,0
42.7463,0.6797,19.3394,0.002,123.4747,0,0
35.9612,0.4733,16.0121,0.1292,97.6217,0,0
52.5227,0.6352,10.0437,0.1733,144.0946,1,0
50.2312,0.5639,19.1382,0.0131,114.7412,0,0
47.4609,0.5965,17.0646,0.1097,80.0788,0,0
36.8334,0.4324,25.2233,0.0223,109.6224,0,0
18.7246,0.3697,26.5176,0.0492,149.1617,0,0
39.9245,0.6827,20.5978,0.0576,142.4094,0,0
31.7794,0.5553,18.6514,0.008,190.3096,0,0
24.9747,0.4549,13.0845,0.0274,73.3388,0,0
30.9878,0.5997,14.5034,0.0818,87.9224,0,0
90.0359,0.8275,432.4742,0.3083,709.468,1,1
20.9334,0.3626,13.8568,0.0494,127.4825,0,0
42.1387,0.9509,250.9903,0.2584,642.4962,3,1
32.1822,0.3982,11.2147,0.192,134.0693,0,0
35.1393,0.5336,15.7843,0.0404,132.9489,0,0
23.5703,0.6156,16.2271,0.081,108.731,0,0
41.5139,0.2412,21.0051,0.0086,54.2624,0,0
36.203,0.3654,16.0283,0.0079,111.7881,1,0
35.758,0.5602,20.8581,0.0362,141.8719,0,0
40.1505,0.5152,10.8364,0.0131,106.5437,0,0
23.7451,0.3479,20.9865,0.0203,112.3516,0,0
35.9176,0.6379,15.4242,0.0013,134.5855,0,0
32.0831,0.5926,29.0291,0.0048,87.4162,0,0
35.474,0.4859,22.3846,0.0404,75.5105,0,0
31.9045,0.5063,9.3021,0.0533,146.2852,0,0
30.6744,0.6302,15.4754,0.0552,143.5008,0,0
50.505,0.3942,23.8549,0.0423,118.0928,1,0
32.3013,0.3866,20.5104,0.0318,100.2993,0,0
39.1278,0.4737,8.025,0.0793,134.261,0,0
50.5888,0.5765,319.4379,0.485,521.1704,2,1
40.3891,0.2718,14.0281,0.0475,131.9795,0,0
30.545,0.6438,23.5308,0.0396,156.7185,0,0
48.5624,0.4835,12.9405,0.0267,90.645,0,0
48.0714,0.205,6.7089,0.001,115.7542,1,0
39.8221,0.8935,532.8096,0.3222,492.8194,2,1
29.7714,0.6326,21.6411,0.0153,69.8649,0,0
35.5922,0.3956,19.5675,0.0042,117.9639,0,0
26.0275,0.617,12.1587,0.0245,114.3996,0,0
27.8715,0.4401,14.2244,0.0596,92.7369,1,0
39.0498,0.4916,17.6916,0.0073,153.5773,1,0
93.8059,0.5734,257.8411,0.2272,619.6583,6,1
14.1807,0.6291,22.8684,0.0243,148.9172,0,0
36.1733,0.5712,19.2798,0.0153,72.0182,0,0
45.2916,0.5015,19.3518,0.0228,171.1378,0,0
41.4508,0.5942,379.0087,0.3047,615.4072,8,1
17.3696,0.352,24.0063,0.0585,112.4171,0,0
90.1086,0.9229,479.1367,0.3828,757.4717,7,1
41.4769,0.3735,21.8083,0.0191,150.2147,0,0
10.2836,0.4062,27.7033,0.0727,128.1726,0,0
38.1091,0.465,22.9506,0.0014,119.3832,0,0
35.0584,0.4974,338.3626,0.2683,605.3247,1,1
26.3959,0.6062,18.0856,0.0118,95.4695,0,0
30.2896,0.2588,13.0655,0.0079,109.9427,0,0
36.7816,0.9041,260.1807,0.3072,570.2726,2,1
25.4446,0.5963,15.8553,0.071,147.7702,0,0
12.8886,0.214,11.485,0.0188,92.4536,0,0
24.4229,0.5753,16.1809,0.0175,112.3116,0,0
53.5228,0.3863,15.9041,0.0286,122.9344,0,0
37.1646,0.4081,20.9802,0.0142,133.0351,0,0
24.8082,0.5211,277.6446,0.2625,451.03,7,1
37.1409,0.5794,15.3817,0.0166,104.4524,0,0
28.2284,0.2615,21.0328,0.0016,130.535,0,0
50.2303,0.5927,24.6582,0.0261,135.5398,0,0
21.2233,0.384,17.3562,0.0154,137.6218,1,0
29.2323,0.5936,15.1797,0.0367,88.3191,0,0
35.2976,0.7607,20.0403,0.04,138.7962,0,0
47.7766,0.3674,18.0072,0.0135,188.3126,0,0
34.2555,0.5037,23.3702,0.028,143.9398,0,0
23.1674,0.466,20.6309,0.0782,142.3983,0,0
32.0099,0.4953,17.7778,0.0127,82.0798,0,0
26.9151,0.5028,18.4946,0.0128,78.1365,0,0
33.4821,0.5927,22.3506,0.2307,141.9849,0,0
49.7789,0.2762,8.9717,0.0107,135.2106,0,0
91.6146,1.0345,436.8302,0.4407,716.0248,3,1
18.3904,0.3219,6.482,0.1174,44.0469,0,0
48.0568,0.866,351.9933,0.6636,940.5742,3,1
33.8546,0.4781,8.6774,0.0084,170.2009,0,0
55.9239,0.4425,10.1471,0.0119,69.2319,0,0
42.5139,0.3438,16.5178,0.0013,156.0773,0,0
95.9509,0.9545,406.1915,0.3492,679.3605,3,1
36.8008,0.4311,232.3782,0.3319,799.9864,4,1
32.6586,0.3815,16.5525,0.044,110.8931,0,0
25.2163,0.5878,11.882,0.0083,77.7917,0,0
32.7903,0.2926,11.9094,0.0151,131.0253,0,0
37.6106,0.367,13.2238,0.0106,112.5674,0,0
51.3241,0.7384,16.816,0.0194,136.9453,0,0
32.1134,0.3705,23.2463,0.0043,123.0237,1,0
45.7869,0.5842,278.4982,0.3876,632.0152,3,1
35.2832,0.5925,22.7422,0.0669,135.1375,0,0
26.6028,0.3831,18.0032,0.0064,96.9941,0,0
50.2955,0.4053,17.5704,0.0073,121.0209,0,0
29.0061,0.2856,21.6072,0.0113,122.0422,0,0
34.9203,0.4693,8.4113,0.0445,89.224,0,0
46.4282,0.4452,16.7332,0.041,105.9451,0,0
100.2951,0.4466,262.9138,0.4507,879.9938,6,1
22.3912,0.5698,7.3618,0.0247,111.1663,0,0
40.706,0.2564,16.9127,0.1271,94.727,0,0
40.4256,0.526,12.1528,0.0371,105.3457,0,0
26.1614,0.5283,16.4472,0.0729,81.8424,0,0
48.5564,0.7622,19.5012,0.0042,84.0482,0,0
38.5711,0.6757,17.5014,0.0078,142.1754,0,0
41.1059,0.5736,13.4001,0.0087,135.9962,0,0
26.5016,0.6429,16.4908,0.1,152.4634,0,0
41.815,0.5683,16.3214,0.0044,74.4309,0,0
43.5243,0.4264,18.5879,0.0844,151.8027,0,0
32.9188,0.4143,22.8025,0.0336,97.973,0,0
46.3557,0.1082,31.3878,0.0007,115.7022,0,0
36.503,0.5119,20.0435,0.0978,101.6105,0,0
26.7277,0.6599,19.1615,0.0353,151.1148,0,0
24.4079,0.4886,8.1409,0.0041,115.4816,0,0
24.2226,0.3986,16.284,0.0267,151.2019,1,0
39.1292,0.9163,269.0942,0.3727,716.3992,7,1
38.6634,0.5514,372.6889,0.3403,651.9029,3,1
34.6044,0.4275,16.3262,0.0581,155.8659,0,0
54.0942,0.2338,16.8546,0.0237,84.0315,0,0
33.8767,0.4512,27.4832,0.009,113.9808,0,0
33.9124,0.3638,20.3428,0.0147,90.1923,0,0
29.695,0.3769,16.5959,0.0204,108.9318,0,0
54.7242,0.8673,406.9938,0.3339,524.9383,5,1
45.5842,0.473,22.2923,0.053,116.2714,0,0
42.6743,0.5066,29.3993,0.0174,24.8872,0,0
27.8565,0.4972,13.9763,0.0023,126.986,0,0
23.7029,0.3687,21.5065,0.0999,180.6777,0,0
38.8407,0.4966,18.9886,0.014,114.4756,0,0
18.9355,0.4244,16.9176,0.0633,110.0768,0,0
32.5104,0.3189,17.8844,0.008,102.777,0,0
34.2557,0.4581,9.9684,0.0448,116.1436,0,0
89.1085,0.9129,391.5276,0.4948,775.1427,4,1
44.7512,0.3312,24.3613,0.0078,130.2498,0,0
37.3561,0.6967,22.0762,0.0148,159.6823,0,0
29.7242,0.4202,372.0752,0.1372,582.5459,2,1
24.9191,0.4822,19.9179,0.0864,132.4748,1,0
45.3754,0.498,13.0173,0.0432,95.8471,0,0
41.3859,0.5314,13.8922,0.0181,144.5812,0,0
30.8471,0.5479,13.9346,0.0169,128.364,0,0
52.5479,0.3536,22.9784,0.0313,139.6768,0,0
29.8613,0.4821,17.3805,0.0192,104.8929,0,0
40.0405,0.3593,19.3842,0.0196,81.7924,0,0
27.847,0.6301,24.6058,0.0582,97.8069,0,0
43.5766,0.4647,14.0513,0.002,84.6323,0,0
29.6024,0.3618,24.7461,0.0143,79.5068,0,0
44.54,0.5879,21.8283,0.0036,152.8964,0,0
15.1243,0.4421,13.8455,0.0687,61.5188,0,0
40.2194,0.3815,23.8167,0.0612,125.7275,1,0
42.4729,0.3733,13.2455,0.0302,118.2628,0,0
35.5572,0.3435,22.1732,0.0073,111.7559,0,0
32.5248,0.6037,26.7196,0.0734,81.7295,0,0
29.0761,0.3845,26.9047,0.0547,208.0697,0,0
37.4497,0.3778,14.8555,0.0273,110.8443,0,0
20.7775,0.4095,27.2006,0.074,143.1225,0,0
34.0329,0.3603,27.2276,0.0069,66.7809,0,0
39.7359,0.4443,19.7227,0.0219,196.4703,0,0
20.9154,0.3508,16.3701,0.0129,84.2878,0,0
45.9878,0.7249,13.4237,0.0431,120.4353,0,0
21.5181,0.4852,16.6237,0.046,101.9417,0,0
45.9419,0.3975,23.0946,0.0878,53.9627,0,0
39.9671,0.3752,20.1038,0.0141,141.6848,0,0
41.8195,0.6161,16.4129,0.0209,141.472,0,0
22.1957,0.5596,10.2025,0.0034,114.6721,0,0
32.9695,0.3334,10.0181,0.0069,95.4418,0,0
38.3585,0.8301,375.0924,0.1993,505.0014,4,1
34.3392,0.7089,6.1794,0.0117,91.0265,0,0
38.1125,0.4327,19.1084,0.0032,107.1404,0,0
30.4993,0.5973,10.8635,0.0745,112.2714,1,0
34.229,0.4471,16.1518,0.1064,95.3377,0,0
56.9046,0.2233,20.6516,0.0238,115.7505,0,0
46.7944,0.3721,24.2347,0.0309,118.8032,0,0
55.6075,0.581,32.4757,0.1236,99.2295,0,0
46.6778,0.5923,9.2929,0.0885,158.7228,0,0
30.2057,0.4536,408.6035,0.2315,495.6766,8,1
35.9708,0.2964,6.749,0.0095,162.8192,0,0
45.653,0.969,344.0886,0.1131,789.6624,3,1
26.4284,0.2498,27.6935,0.0567,138.1137,0,0
25.1849,0.646,17.8877,0.0004,116.5559,0,0
29.7402,0.5208,397.8377,0.2167,608.0747,5,1
28.5488,0.4733,21.3089,0.0089,100.4802,0,0
30.07,0.6151,22.5257,0.0356,115.7541,1,0
35.6856,0.5011,19.3993,0.0341,134.3808,0,0
26.71,0.331,13.9489,0.0108,124.6597,0,0
41.4538,0.5956,18.1348,0.068,151.0164,0,0
46.5811,0.2468,28.8031,0.0022,144.8418,0,0
37.5988,0.3298,18.9591,0.0735,99.3896,0,0
44.7157,0.412,16.4227,0.0134,136.0924,0,0
38.385,0.4869,7.6452,0.0365,140.8897,1,0
50.4993,0.311,20.169,0.0172,124.4663,0,0
34.3732,0.3698,16.9449,0.0092,97.0164,0,0
44.6338,0.6583,25.826,0.0418,94.4284,0,0
28.9936,0.448,20.2037,0.0042,124.1594,0,0
44.7255,0.3698,9.7137,0.0579,150.6487,0,0
22.5426,0.4454,17.3423,0.0404,159.7583,0,0
44.5042,0.5183,15.2805,0.0076,89.1008,0,0
36.8145,0.4031,346.803,0.3504,470.0818,5,1
27.4626,0.5009,15.5351,0.0924,168.2856,1,0
41.0601,0.4941,26.0428,0.0499,117.2677,0,0
37.2746,0.475,17.2288,0.0071,123.9207,0,0
38.4115,0.7071,22.678,0.1674,83.4215,0,0
50.7921,0.3501,22.0354,0.0169,117.5725,0,0
27.7426,0.3288,19.5809,0.0344,97.5571,0,0
65.7888,0.3048,30.1416,0.0026,150.8832,0,0
50.6464,0.366,19.1676,0.0463,108.0037,1,0
40.6955,0.4877,299.0471,0.0934,494.4965,2,1
36.9655,0.3771,16.4703,0.0575,97.5248,0,0
28.3821,0.4189,24.5147,0.009,114.129,0,0
42.8182,0.4163,11.8339,0.0093,79.4833,0,0
37.7158,0.4404,15.0413,0.0125,124.0669,0,0
56.4394,0.4958,33.8661,0.0053,143.6976,0,0
58.1466,0.4444,6.1242,0.0192,149.4805,0,0
34.0031,0.8752,423.8797,0.4033,475.7707,8,1
44.2618,0.3096,28.8261,0.0163,104.583,0,0
24.377,0.334,23.7188,0.0044,41.2555,0,0
42.2662,0.5448,337.3297,0.3096,578.8219,4,1
41.2181,0.6748,19.8229,0.0049,108.6372,0,0
42.14,0.6389,19.681,0.016,108.802,0,0
36.7137,0.5109,16.9871,0.0058,141.6571,0,0
38.2613,0.3302,12.4688,0.007,98.7171,0,0
37.5755,0.5184,8.5129,0.0043,122.5352,0,0
43.3034,0.5089,14.4149,0.029,116.129,0,0
26.6078,0.2868,17.1753,0.007,50.3905,0,0
41.2285,0.3048,27.856,0.0094,117.911,0,0
14.3256,0.4493,19.04,0.0016,128.1903,0,0
36.8484,0.645,19.4364,0.0245,169.1022,0,0
94.7625,0.3657,293.7141,0.4868,642.0864,7,1
29.5562,0.446,12.3874,0.0085,120.0486,0,0
42.5751,0.4134,10.4545,0.0003,61.3485,0,0
29.2311,0.3596,22.1179,0.0327,97.8391,0,0
18.3848,0.3915,22.7438,0.0238,132.7167,0,0
39.8101,0.3065,14.6502,0.0041,104.624,0,0
40.931,0.3777,17.4994,0.0578,97.0744,0,0
37.0766,0.9169,250.3065,0.2172,608.9401,3,1
39.1293,0.516,17.8466,0.0247,141.2806,0,0
31.1492,0.4028,22.0673,0.1831,143.9011,0,0
26.3601,0.497,20.1337,0.0007,87.8002,0,0
40.0092,0.4467,15.3797,0.0064,129.235,0,0
40.3963,0.37,278.2347,0.3176,515.1831,5,1
21.6466,0.3484,28.3163,0.0099,167.9841,0,0
32.4743,0.4681,21.3336,0.0046,128.6032,0,0
43.8963,0.3894,4.6842,0.0055,195.027,1,0
37.1102,0.4474,22.9127,0.0241,96.864,0,0
29.7548,0.4888,20.0627,0.0221,84.367,0,0
24.9586,0.3416,21.3331,0.008,90.8171,0,0
35.9933,0.3968,30.5983,0.0839,78.0658,0,0
25.6012,0.4152,13.029,0.0135,149.2087,0,0
25.9198,0.529,22.2567,0.0352,96.2735,0,0
46.033,0.4162,19.629,0.0033,109.6456,0,0
37.0346,0.6289,26.2371,0.0093,104.6952,0,0
16.2921,0.6334,14.9749,0.0269,83.4931,0,0
42.1754,0.5648,21.5509,0.002,94.4333,0,0
35.1259,0.4835,17.1943,0.0091,189.7402,0,0
29.8173,0.1861,22.5603,0.0588,118.2781,0,0
33.1434,0.4763,22.4528,0.0095,24.6989,0,0
22.1004,0.2669,18.0424,0.0486,71.0396,0,0
46.6316,0.5266,21.9354,0.0,57.0193,0,0
15.4791,0.5657,21.0785,0.0027,110.0973,0,0
40.1935,0.3007,23.1054,0.0014,130.0332,0,0
34.8098,0.4559,9.9248,0.0047,138.2858,0,0
33.9297,0.4534,15.7488,0.0197,136.4905,0,0
35.698,0.4423,13.3627,0.0152,141.3423,0,0
37.4196,0.6357,4.964,0.0141,84.3311,0,0
24.2911,0.4979,10.5939,0.0098,108.2437,0,0
35.9768,0.3498,26.5365,0.0167,119.4898,0,0
26.6645,1.0001,342.8391,0.2852,736.5543,3,1
36.2922,0.5206,20.5295,0.0104,155.7993,1,0
18.8728,0.296,19.4355,0.0504,113.8312,1,0
38.2693,0.4062,13.9458,0.0655,167.212,0,0
42.385,0.5273,354.3749,0.2127,376.2517,9,1
23.9347,0.4496,9.8043,0.0197,86.2324,0,0
27.031,0.4722,18.6261,0.0475,132.524,0,0
41.3278,0.5533,25.1647,0.0542,113.7399,0,0
30.7312,0.402,15.8578,0.0047,131.2637,0,0
35.13,0.4546,14.627,0.0362,88.0734,0,0
36.0643,0.4354,27.2024,0.025,170.5357,0,0
31.2856,0.3349,21.0107,0.041,124.851,0,0
37.4822,0.4839,20.7724,0.0096,136.6071,1,0
32.9688,0.4979,379.1135,0.4003,896.8767,3,1
53.3146,0.3282,11.167,0.0417,196.1814,0,0
26.7932,0.3673,7.5088,0.0035,161.2174,0,0
52.6545,0.56,24.7563,0.0388,91.8161,0,0
24.879,0.477,23.3423,0.1089,125.0271,0,0
97.2064,0.9438,393.5191,0.5315,462.0282,2,1
45.9151,0.6725,25.4149,0.0111,74.6241,0,0
27.3265,0.4344,16.1036,0.0056,171.1231,0,0
19.6589,0.5147,18.2455,0.0388,133.0802,0,0
8.8025,0.5934,13.5452,0.1163,116.5608,0,0
59.6324,0.5351,23.381,0.0631,84.4099,0,0
30.5571,0.5986,21.9027,0.0083,74.6988,0,0
26.5986,0.9498,293.0259,0.3069,500.2894,6,1
26.0159,0.4045,19.9605,0.0244,87.7893,0,0
33.3871,0.4401,7.1812,0.0054,94.6298,0,0
33.0764,0.4392,16.3888,0.0802,137.6357,0,0
36.1567,0.3415,12.0339,0.0097,121.5068,0,0
16.9512,0.4249,25.9278,0.05,139.6329,0,0
24.6476,0.4489,16.0937,0.0068,174.0429,0,0
40.1444,0.4433,21.6191,0.0152,119.5719,0,0
27.9795,0.528,17.0392,0.0085,142.6947,0,0
37.491,0.8833,389.2621,0.3181,498.1201,1,1
40.1327,0.3823,26.0427,0.0143,139.5699,0,0
26.745,0.3321,20.3545,0.0134,83.5026,0,0
92.5042,0.4589,411.2334,0.6142,476.5139,3,1
45.7283,0.4833,478.1624,0.2004,273.4574,4,1
33.3899,0.4606,358.5745,0.3944,665.8587,9,1
53.768,0.2387,36.6595,0.08,126.3091,0,0
38.3366,0.2944,13.1504,0.0853,157.0117,0,0
34.4442,0.3031,28.7713,0.07,67.5931,0,0
31.0789,0.6716,19.2792,0.0042,139.7835,0,0
30.3427,0.2681,17.2777,0.0575,120.5803,0,0
17.8687,0.4541,22.0229,0.0356,115.9746,0,0
22.8898,0.3773,23.3556,0.0793,103.8428,0,0
31.989,0.5903,24.9713,0.0484,140.0652,0,0
33.8435,0.578,18.4203,0.011,81.9,0,0
41.2835,0.3176,15.0502,0.0609,119.339,0,0
53.9679,0.3919,24.7602,0.0135,105.7747,0,0
33.0966,0.5621,18.1149,0.0357,135.1286,0,0
87.6808,0.5253,246.6489,0.2307,731.8404,4,1
25.2124,0.5204,26.4096,0.0056,112.1907,0,0
39.9332,0.4647,14.5197,0.083,114.9044,0,0
20.8463,0.4211,29.4071,0.0184,138.8282,0,0
25.3508,0.7283,10.9151,0.0092,147.2389,0,0
32.3534,0.5236,7.8994,0.0119,69.3448,0,0
21.9553,0.4598,16.6608,0.0744,117.2413,0,0
50.5115,0.4367,16.6284,0.0482,72.5333,0,0
90.3921,0.8972,361.8393,0.4142,518.8456,6,1
89.2344,0.5794,359.2349,0.253,508.4382,5,1
42.2167,0.4669,12.2174,0.0345,63.2171,0,0
49.5353,0.4644,16.7447,0.0562,119.7047,0,0
30.3082,0.3031,17.5454,0.011,77.8728,0,0
40.8772,0.6091,344.0363,0.3878,484.5516,4,1
22.2325,0.5043,26.6618,0.0173,141.8556,1,0
45.7833,0.5004,204.9317,0.4721,527.8362,3,1
22.7787,0.3941,18.1968,0.0123,136.0309,0,0
29.7424,0.7596,4.2229,0.0191,135.0506,0,0
97.7215,0.6223,327.185,0.3009,697.0694,5,1
21.4832,0.615,13.0091,0.0016,123.7426,0,0
27.9233,0.3236,36.8265,0.0104,78.785,1,0
45.0629,0.4538,15.5578,0.1003,107.6256,0,0
33.5294,0.5629,34.558,0.0015,111.8606,0,0
29.3771,0.4035,17.4568,0.0819,134.2022,0,0
24.9398,0.3595,1.0,0.03,114.8884,0,0
26.4164,0.4888,20.9981,0.0067,114.501,0,0
41.8626,0.4592,11.5635,0.0228,137.6179,0,0
62.2017,0.3273,13.1648,0.0177,86.3986,0,0
25.3311,0.9707,325.0265,0.2273,478.2816,7,1
35.6753,0.2845,22.4329,0.0113,135.5661,0,0
34.8149,0.3658,15.1427,0.0473,126.0254,0,0
32.4502,0.6316,14.7852,0.0042,145.2689,0,0
38.2342,0.6389,195.2039,0.3818,627.7432,4,1
26.7778,0.4626,13.8317,0.0275,115.8446,0,0
14.6077,0.4317,18.1177,0.0427,129.7673,0,0
33.4432,0.5144,27.0669,0.0507,141.7241,0,0
27.322,0.4889,12.4879,0.0274,132.1987,0,0
45.538,0.4813,20.2179,0.0465,129.1573,0,0
18.0754,0.5367,16.2362,0.0094,60.0333,0,0
31.7234,0.4381,22.028,0.0597,62.5782,0,0
38.9445,0.4113,2.3747,0.0582,75.8853,0,0
38.6164,0.3964,18.7392,0.0188,141.9288,0,0
53.8202,0.4339,20.7466,0.0219,88.3849,0,0
56.3303,0.4207,23.7188,0.0026,66.1307,0,0
36.6645,0.4652,32.5603,0.0176,101.2647,0,0
50.0236,0.3557,15.8758,0.0227,135.5431,0,0
37.3225,0.3724,23.5149,0.0413,160.8035,0,0
43.219,0.2672,10.0799,0.0033,127.928,0,0
36.9585,0.4741,21.3876,0.012,129.599,0,0
38.666,0.5603,8.3946,0.0261,143.838,0,0
26.5321,0.4769,15.157,0.089,105.104,1,0
20.6414,0.5924,1.0,0.0343,191.7633,0,0
14.7486,0.5736,19.5224,0.0028,129.8057,0,0
24.1845,0.4137,16.4001,0.0185,144.8171,1,0
23.3132,0.6661,13.6851,0.0591,122.7894,0,0
31.1154,0.4909,424.1685,0.3502,406.8175,5,1
32.6105,0.4643,23.294,0.0041,174.2283,0,0
49.5338,0.4113,20.8961,0.0034,114.0714,0,0
30.2234,0.5908,23.8731,0.0267,90.6378,0,0
25.0946,0.3957,11.4576,0.0463,154.9911,0,0
34.6529,0.3688,5.0891,0.0149,62.6605,0,0
48.6687,0.5084,18.9105,0.0,118.7612,0,0
41.1594,0.3951,14.0999,0.055,104.2927,0,0
31.9079,0.5396,23.7172,0.0518,143.4789,0,0
30.9684,0.8839,352.5397,0.155,529.8486,8,1
91.0848,0.9455,339.9078,0.1978,398.4446,6,1
27.2699,0.7074,23.5573,0.1054,135.1506,0,0
30.5996,0.4741,16.8306,0.0144,113.3687,0,0
30.3936,0.4299,23.8512,0.0012,90.1671,0,0
32.8655,0.6137,18.9311,0.0266,168.2273,0,0
38.8532,0.556,15.7799,0.0568,124.7392,0,0
34.5436,0.9138,437.1352,0.2647,539.0444,3,1
34.6532,0.3085,15.4958,0.0034,114.8211,0,0
37.5603,0.4712,17.2112,0.0171,149.2812,0,0
24.7561,0.5095,21.8713,0.0035,146.6124,2,0
34.1088,0.5506,19.4637,0.0102,57.7608,0,0
27.2218,0.5806,26.691,0.0279,124.4803,0,0
34.791,0.647,6.6383,0.0564,114.4223,0,0
37.4369,0.2899,15.5443,0.0067,107.2833,0,0
86.2955,0.6505,347.0727,0.3003,149.7788,4,1
37.9698,0.5187,20.5632,0.0061,118.9101,0,0
40.8686,0.3965,19.0119,0.013,140.5677,0,0
43.3392,0.3354,15.6772,0.0261,105.4915,0,0
38.2408,0.4942,1.7806,0.0109,150.8824,0,0
33.4006,0.5152,16.1776,0.0634,113.4099,0,0
26.8303,0.3456,153.2782,0.3725,558.8636,8,1
18.9252,0.4203,14.7077,0.0098,105.7261,1,0
32.2495,0.4568,23.924,0.0241,92.4607,0,0
47.3782,0.2633,22.9073,0.0167,102.3164,0,0
29.8878,0.5278,22.0124,0.0424,103.1599,0,0
35.97,0.5411,18.3596,0.0229,168.7165,0,0
20.877,0.6912,15.3871,0.0212,121.0202,0,0
26.0539,0.5868,10.0653,0.0043,120.3913,0,0
39.2962,0.4529,17.917,0.0247,113.1868,0,0
47.5576,0.3292,9.8936,0.0062,153.559,0,0
33.5762,0.5003,21.8304,0.0244,99.491,1,0
31.1544,0.6374,12.2764,0.0,85.9851,0,0
27.0953,0.5936,20.637,0.0243,109.5844,0,0
21.7181,0.5209,23.7018,0.0456,75.0823,0,0
43.2718,0.5024,26.3741,0.0183,116.2794,0,0
31.655,0.4403,15.7823,0.1136,129.2714,0,0
30.7981,0.5698,30.3393,0.0364,181.0762,0,0
50.0399,0.5257,7.7559,0.0395,120.6959,0,0
25.506,0.3921,22.0923,0.0259,108.7989,0,0
26.9167,0.8714,308.84,0.3664,605.3666,3,1
37.9307,0.5338,24.0035,0.042,82.6637,0,0
40.8832,0.3027,21.0971,0.0663,81.773,1,0
43.6961,0.4789,15.6962,0.0264,126.6984,1,0
31.4849,0.5109,17.5109,0.0825,160.9013,0,0
35.2609,0.5585,22.1382,0.0147,139.7895,1,0
38.1425,0.4901,19.143,0.0894,148.7352,0,0
29.337,0.1591,26.4656,0.0327,135.9293,0,0
26.8178,0.4625,26.164,0.0735,134.9729,0,0
30.1577,0.3252,26.2466,0.0266,57.4231,0,0
34.7587,0.5646,18.8603,0.026,142.1903,0,0
95.1119,0.3256,401.7884,0.3413,493.2211,5,1
30.5349,0.6521,21.2777,0.0829,128.0353,0,0
38.0155,0.6228,12.6528,0.0144,138.5922,0,0
36.0939,0.6504,23.0336,0.0077,96.8478,0,0
27.2621,0.5404,21.6403,0.0112,125.9518,0,0
41.2567,0.4191,23.7891,0.0147,140.1273,0,0
29.3982,0.1916,17.1329,0.0237,131.9444,0,0
42.0031,0.4197,20.832,0.0332,119.4062,0,0
29.5508,0.1591,11.2647,0.0052,99.4185,0,0
42.4326,0.2872,17.7391,0.0273,101.0031,0,0
42.13,0.2586,13.449,0.0079,122.7328,0,0
96.7839,0.6162,284.9804,0.1619,530.9529,1,1
25.2244,0.338,17.6032,0.0414,182.0468,0,0
91.9789,1.0145,272.4156,0.2128,668.0822,5,1
27.8016,0.5278,19.4302,0.0008,131.5261,1,0
50.544,0.3766,217.9871,0.2824,517.4452,3,1
39.7383,0.5262,16.4997,0.062,89.5656,0,0
45.3841,0.9526,338.4789,0.2941,361.4008,4,1
26.8419,0.3812,16.7105,0.0035,139.079,0,0
24.8717,0.4843,19.9919,0.0025,128.7284,0,0
34.4976,0.5195,21.6271,0.0002,148.738,0,0
38.4362,0.5948,19.1375,0.0115,84.5083,1,0
36.8963,0.906,369.8426,0.434,556.0753,2,1
87.651,0.8334,381.4673,0.2829,665.3989,4,1
42.5539,0.431,19.5953,0.0246,112.2916,0,0
32.6538,0.5655,369.3851,0.5123,777.4079,4,1
33.7208,0.6337,16.8598,0.0052,94.607,0,0
22.6218,0.5044,23.1744,0.0213,106.3976,0,0
31.3639,0.2625,20.3442,0.0639,118.2888,0,0
91.0562,0.6176,141.9303,0.1949,452.4073,3,1
45.8895,0.3907,12.4837,0.0219,98.1548,0,0
23.4901,0.3879,14.7842,0.0205,168.1302,0,0
35.9488,1.0097,374.2973,0.3205,304.4777,5,1
21.199,0.511,27.2941,0.015,119.674,0,0
29.8678,0.8421,488.0971,0.3826,418.663,4,1
41.9014,0.4146,19.5922,0.0286,122.534,0,0
41.796,0.552,29.7501,0.0087,79.9617,0,0
15.4033,0.4069,11.5932,0.0384,128.8491,1,0
93.6118,0.9385,269.5865,0.4517,580.4842,5,1
56.5318,0.4278,14.2941,0.0225,78.2412,0,0
29.2418,0.4276,20.7982,0.0429,126.4143,0,0
88.3761,0.509,311.7469,0.4077,707.483,1,1
42.5791,0.9292,472.1156,0.2127,676.6168,9,1
19.4337,0.4228,28.0407,0.0054,147.7793,0,0
41.7482,0.393,10.449,0.0017,143.2535,0,0
36.7318,0.4293,17.4698,0.0065,144.8135,0,0
40.3724,0.4297,524.2484,0.036,578.2467,4,1
53.209,0.9181,359.1287,0.1996,549.5712,3,1
40.6297,0.5411,10.2404,0.0126,120.4035,0,0
95.5237,0.4658,468.5121,0.3553,777.2192,4,1
21.5555,0.4984,20.8418,0.0133,105.2413,0,0
46.4375,0.4168,20.7755,0.1116,142.7647,0,0
37.7095,0.8954,330.4962,0.1035,706.0011,3,1
46.586,0.699,22.7609,0.019,149.8135,0,0
88.9844,0.937,345.4417,0.2107,736.3467,8,1
28.1998,0.4572,10.8382,0.0379,212.3058,0,0
29.8396,0.4891,23.8091,0.0193,74.9139,0,0
35.1324,0.9928,296.5709,0.0905,332.8354,3,1
61.3238,0.3356,26.9235,0.0104,104.9941,0,0
34.7349,0.6095,18.8808,0.0044,88.4813,1,0
35.6428,0.2632,2.8183,0.0876,172.4441,0,0
42.1096,0.3096,23.3412,0.1356,74.0539,0,0
26.9772,0.6233,8.9177,0.0675,114.4844,1,0
52.5534,0.5231,22.7076,0.0272,100.2288,0,0
35.6752,0.5983,16.8538,0.067,141.8682,0,0
25.7677,0.4281,12.5028,0.0278,110.1998,0,0
30.4064,0.4202,22.7003,0.0319,112.281,0,0
36.777,0.5082,14.3648,0.0851,54.1685,0,0
31.5731,0.4228,18.9601,0.0092,99.0176,1,0
42.5193,0.2783,12.0769,0.0109,97.237,0,0
41.1168,0.6034,7.0162,0.0087,90.7558,0,0
38.4645,0.561,28.6519,0.0291,104.3361,0,0
35.4698,0.4949,24.7526,0.0298,106.9153,0,0
19.3891,0.9392,345.3973,0.4167,332.0467,3,1
40.1379,0.5907,11.2394,0.0133,104.963,0,0
36.9808,0.4606,7.3426,0.0191,197.1599,0,0
38.8241,0.2885,16.1491,0.019,119.2122,0,0
60.6008,0.556,20.8935,0.01,178.7951,0,0
30.3053,0.3837,17.2042,0.0508,126.318,0,0
30.2125,0.6081,25.4681,0.0145,101.651,0,0
37.0886,0.5201,11.6779,0.0947,103.9573,0,0
25.1427,0.429,18.1253,0.0451,129.2968,0,0
46.2657,0.3839,21.702,0.0697,167.6682,0,0
45.3247,0.4332,14.0774,0.0031,117.5686,0,0
41.1037,0.2912,16.1522,0.0064,97.9465,0,0
36.8677,0.5243,19.7653,0.0091,60.9802,0,0
51.7644,0.5787,15.0766,0.0036,147.3126,0,0
48.4542,0.4518,28.047,0.047,132.8344,0,0
39.0825,0.3281,17.8587,0.0048,106.7445,0,0
94.8683,0.5861,486.9043,0.1715,451.7669,3,1
2.5873,0.5544,21.1267,0.0208,84.061,0,0
41.5437,0.4334,16.076,0.0272,134.2677,0,0
38.073,0.2772,12.7088,0.0019,104.6471,0,0
38.3231,0.4703,22.4449,0.0279,131.779,0,0
37.5049,0.6179,14.1226,0.0034,124.4081,0,0
34.2983,0.6975,18.1523,0.0119,88.4634,0,0
31.6422,0.3838,22.193,0.0504,65.7888,0,0
90.6028,0.9533,192.9955,0.1436,573.2406,1,1
35.8659,0.3244,17.2347,0.0013,79.9241,0,0
92.5553,0.4058,315.8205,0.3968,859.5902,3,1
51.8714,0.4034,15.4245,0.0237,154.7952,0,0
21.7954,0.5269,12.803,0.0038,69.46,0,0
22.6305,0.6657,25.5942,0.0096,117.7239,1,0
38.078,0.5453,24.2839,0.0131,130.2548,0,0
51.8204,0.9223,434.5721,0.4845,459.2989,6,1
45.1437,0.4603,8.3605,0.0212,111.6746,0,0
33.5564,0.6273,20.4519,0.018,52.517,0,0
27.8156,0.4769,16.0326,0.0031,120.9419,0,0
37.1398,0.5169,24.8409,0.0011,106.6104,0,0
22.8581,0.4163,19.1031,0.0795,95.6153,0,0
39.7324,0.3029,13.1424,0.0324,139.3356,0,0
20.9815,0.3717,14.1,0.0823,122.2708,1,0
36.1352,1.0161,345.7965,0.1316,676.0969,10,1
17.2128,0.6048,21.207,0.0445,104.4673,1,0
36.8463,0.3682,18.5571,0.0317,95.2166,0,0
40.5156,0.7181,258.0646,0.1687,799.9287,0,1
36.5373,0.2608,27.5919,0.0065,126.3419,0,0
49.9604,0.5308,23.3259,0.0136,126.5341,0,0
31.1469,0.4895,20.4423,0.0572,213.3873,0,0
43.496,0.4651,22.2498,0.0048,142.0064,0,0
19.0557,0.4897,20.2585,0.0004,72.5272,0,0
49.0279,0.5509,16.6509,0.0231,95.8087,0,0
39.8247,0.5277,14.4452,0.0041,89.4671,0,0
45.8305,0.5093,25.0387,0.041,169.912,0,0
17.9662,0.3176,10.5654,0.0625,124.1206,0,0
30.2505,0.4594,20.2626,0.0083,100.3294,0,0
27.5151,0.2804,14.9207,0.0243,133.6076,0,0
33.8015,1.0089,370.3809,0.4281,521.7148,6,1
27.9682,0.8332,23.3237,0.0071,121.1035,0,0
37.9823,0.4313,378.4805,0.5261,501.5299,5,1
37.3421,0.5925,16.2295,0.0189,139.1603,0,0
23.3315,0.3249,405.983,0.5138,767.4693,1,1
29.9652,0.5412,18.1131,0.0075,104.116,0,0
35.7332,0.2387,18.2986,0.0011,146.8473,0,0
35.0524,0.2108,12.782,0.0057,78.582,0,0
40.5979,0.4098,14.7027,0.0007,124.9621,0,0
42.0775,0.4636,24.4379,0.0058,98.6561,0,0
39.726,0.5332,15.7828,0.0556,86.7566,0,0
88.8548,0.5267,236.7252,0.2789,728.0989,6,1
35.8187,0.4916,15.1675,0.0526,156.8997,1,0
51.6902,0.757,20.5258,0.0181,111.7546,0,0
49.8584,0.9201,363.2768,0.5409,478.3339,7,1
25.2413,0.3725,17.5969,0.0518,165.4633,0,0
37.2213,0.4702,35.6946,0.0038,94.3095,0,0
41.9481,0.5299,414.5021,0.3223,721.5943,7,1
50.9319,0.3558,17.9664,0.0318,68.9429,0,0
89.7971,0.4232,239.3384,0.2798,336.8231,5,1
29.2436,0.415,18.4557,0.0495,105.5306,0,0
38.4176,0.6513,14.9512,0.019,132.0071,0,0
95.9029,0.5548,278.7666,0.2143,741.2153,6,1
26.6905,0.472,17.9957,0.018,132.4751,0,0
20.6986,0.4431,17.0924,0.0044,169.0739,0,0
45.6548,0.5156,12.8916,0.0265,109.3894,0,0
34.6731,0.7492,18.3053,0.0156,86.0946,0,0
24.6275,0.1435,20.5553,0.0961,130.8118,0,0
35.6023,0.4736,27.6733,0.0081,146.0632,0,0
46.5933,0.6627,12.4229,0.0026,153.5565,1,0
35.4557,0.4114,15.2081,0.0178,127.2062,0,0
24.137,0.4149,362.2685,0.3475,520.9892,5,1
22.5535,0.4957,16.9008,0.0067,119.7245,0,0
14.2661,0.5199,14.7103,0.1269,54.661,0,0
44.5927,0.4997,19.1839,0.004,98.8268,0,0
34.0754,1.0174,296.2883,0.2435,595.0756,4,1
23.7728,0.5546,16.6979,0.0098,88.6341,0,0
28.484,0.6992,17.3643,0.0047,157.594,0,0
45.8078,0.4016,23.1575,0.0713,78.5395,0,0
23.8942,0.6762,15.8414,0.0092,77.6683,0,0
31.8973,0.5177,5.9768,0.0391,191.8309,0,0
32.6907,0.5729,22.1609,0.003,160.8969,0,0
42.1161,0.517,14.7353,0.1026,124.4879,0,0
100.8167,0.9917,259.3855,0.5474,654.1579,4,1
51.9646,0.4175,11.1104,0.02,119.397,0,0
38.2272,0.2817,19.5754,0.0002,121.2386,0,0
39.4382,0.3751,24.3363,0.0389,161.3541,0,0
40.1766,0.1664,14.9822,0.026,152.7055,0,0
33.7421,0.5003,15.6774,0.018,170.2458,0,0
33.4199,0.6572,8.8928,0.0121,138.4131,0,0
50.8602,0.6436,14.2397,0.0027,107.2872,0,0
43.7232,0.4553,21.6946,0.0732,116.5467,0,0
27.4087,0.3536,14.6968,0.0074,127.4498,0,0
30.2807,0.5696,30.4445,0.0169,122.485,0,0
93.8282,0.4293,306.7178,0.4185,568.5822,1,1
45.3184,0.6056,17.2473,0.0071,159.4652,0,0
19.8481,0.4415,16.0809,0.0098,100.9377,0,0
20.9254,0.5163,17.9442,0.0578,113.8537,0,0
30.1287,0.1391,20.8344,0.006,92.1362,0,0
22.0492,0.6015,14.0381,0.0227,92.8516,0,0
35.0872,0.3915,351.8451,0.395,717.577,7,1
33.2027,0.9709,439.9557,0.2935,748.2107,1,1
24.7666,0.9158,389.9236,0.3572,656.275,3,1
37.2388,0.5034,11.3991,0.0329,95.9542,0,0
24.6532,0.8845,322.6788,0.1313,425.0823,2,1
30.3772,0.4076,14.3266,0.0519,100.1538,0,0
32.2728,0.6907,24.5829,0.0055,92.1734,0,0
37.8917,0.33,9.7343,0.0784,120.9447,0,0
30.1239,0.2794,23.3213,0.0047,107.706,0,0
35.2583,0.9061,195.262,0.3756,447.9222,3,1
42.7087,0.3176,11.1072,0.0092,114.9263,0,0
45.5315,0.5014,22.8792,0.006,127.7631,0,0
29.9824,0.3898,9.2547,0.0028,98.7627,0,0
40.0499,0.5373,19.6148,0.0052,110.4376,1,0
44.2403,0.5419,19.2436,0.0285,108.5264,0,0
41.5655,0.3858,19.5619,0.0112,132.9665,0,0
27.3674,0.6265,14.1038,0.0508,142.5262,0,0
22.7916,0.6716,8.3021,0.0098,107.7934,0,0
43.3569,0.5052,18.6354,0.0325,71.1899,0,0
26.1049,0.5127,11.3658,0.0315,126.8249,0,0
60.7336,0.4296,25.2717,0.0306,87.1134,0,0
32.5793,0.9689,508.5328,0.3496,821.434,4,1
49.3171,0.9342,273.515,0.4473,480.043,4,1
59.553,0.3687,14.6114,0.0476,140.7022,0,0
52.6346,0.8969,350.5389,0.6782,608.5125,3,1
17.9742,0.4574,16.9539,0.0631,123.3266,0,0
20.3649,0.3216,13.4882,0.0534,95.8815,0,0
31.7398,0.7098,11.5737,0.0222,139.7716,0,0
27.0748,0.4414,19.8483,0.0106,118.4543,0,0
28.7518,0.5024,10.2464,0.0285,118.9023,0,0
43.2941,0.3246,11.4765,0.023,75.1152,0,0
31.3903,0.4467,6.9229,0.0468,113.8415,0,0
54.6473,0.447,11.3313,0.0425,116.2534,1,0
37.5442,0.5363,17.9275,0.0097,197.6373,0,0
36.2712,0.4779,240.829,0.4719,491.0039,9,1
40.1504,0.4469,8.5747,0.0099,133.4218,0,0
21.7977,0.3802,21.7332,0.0564,105.5806,0,0
24.1894,0.3225,10.461,0.0139,139.1282,0,0
48.5387,0.3576,11.5689,0.0021,135.5808,0,0
34.6501,0.4859,13.4203,0.0194,48.4708,0,0
28.6226,0.5117,24.1283,0.0111,152.6313,0,0
32.6318,0.5893,14.2749,0.0138,136.3017,0,0
32.6585,0.6205,20.4589,0.0323,120.7861,0,0
28.7303,0.3988,22.1,0.0026,124.025,0,0
32.4041,0.3823,20.9521,0.0723,118.6122,0,0
89.5345,0.8706,222.2933,0.1559,846.7671,3,1
37.7997,0.4249,19.3804,0.1014,103.8372,0,0
51.6547,0.3507,15.3794,0.0568,101.1404,0,0
40.7707,0.2883,12.6073,0.0632,155.7326,0,0
33.1602,0.4457,21.0855,0.0564,103.7698,0,0
39.8937,0.4323,17.7081,0.0027,108.0803,0,0
35.0511,0.4445,24.456,0.0042,159.6124,0,0
30.655,0.4906,11.4891,0.0515,142.6026,0,0
38.4758,0.5898,17.6269,0.0911,113.3434,0,0
32.809,0.3493,18.2049,0.0524,133.7006,0,0
24.3238,0.6507,12.5963,0.0108,140.6749,0,0
21.0143,0.515,22.3185,0.0168,173.5433,0,0
45.5712,0.4676,21.0066,0.0012,127.4864,0,0
34.865,0.3913,17.8835,0.0509,153.118,0,0
41.2067,0.5523,22.1575,0.066,100.4497,0,0
32.8601,0.4189,18.3296,0.0465,151.4659,0,0
38.5779,0.3749,22.1817,0.0151,160.5334,0,0
25.8058,0.4496,14.3254,0.0104,135.9308,0,0
38.757,0.4769,22.8483,0.0483,111.4472,1,0
93.1422,0.5567,371.9257,0.2363,525.4097,0,1
27.6963,0.4082,10.6227,0.0755,108.4298,1,0
43.8164,0.4704,21.5313,0.0145,104.821,1,0
41.3241,0.5603,13.2841,0.0273,107.6693,0,0
56.898,0.5657,17.1633,0.0366,146.6746,0,0
37.8099,0.5217,14.1511,0.0441,151.4545,0,0
46.793,0.3617,2.626,0.06,134.3852,0,0
20.9249,0.4053,24.7044,0.0023,123.0858,0,0
39.9192,0.4256,19.8028,0.062,122.4325,0,0
39.7898,0.4717,18.5119,0.0342,111.8277,0,0
26.2438,0.286,14.1511,0.005,128.7289,0,0
43.1352,0.4235,17.8006,0.0118,146.1224,0,0
23.9367,0.4799,18.4526,0.0844,128.3725,0,0
11.9808,0.5136,17.5443,0.0003,171.9351,1,0
34.4571,0.595,12.8233,0.0026,75.0766,0,0
35.9965,0.2599,17.4085,0.0049,54.6537,1,0
42.0514,0.8952,243.2659,0.2687,591.6039,5,1
18.3059,0.4292,15.85,0.0181,125.3974,0,0
44.8432,0.484,10.5257,0.0009,122.2673,1,0
93.2268,0.8748,300.01,0.2394,343.6536,9,1
43.1253,0.4386,16.5236,0.0989,69.2799,0,0
49.4698,0.1954,21.2933,0.0309,158.7618,0,0
17.7508,0.3765,14.788,0.0214,88.6164,0,0
53.6577,0.5574,26.3548,0.0509,101.7598,0,0
42.3847,0.5485,17.3733,0.1103,100.0373,0,0
35.7737,0.5024,30.1459,0.0172,123.2151,0,0
26.917,0.7153,15.2989,0.0252,86.3475,0,0
34.2717,0.2743,20.5444,0.0029,147.8474,0,0
34.0394,0.4407,10.574,0.1087,133.5184,0,0
27.2717,0.2946,13.2733,0.0883,106.2071,0,0
37.0769,0.6195,13.8616,0.0959,115.7473,0,0
28.2308,0.4534,14.0755,0.0417,120.4555,1,0
89.8497,0.945,371.7759,0.1253,454.939,2,1
31.7861,0.423,14.9462,0.0245,86.3541,0,0
28.8848,0.4525,13.2974,0.1212,128.8061,0,0
34.4305,0.3865,10.0412,0.0101,155.5196,0,0
36.7087,0.506,8.8134,0.083,94.4816,0,0
28.0709,0.4519,24.4209,0.1013,112.8695,0,0
45.4901,0.4256,19.0609,0.006,84.6268,0,0
44.1786,0.1024,25.5715,0.0007,163.5827,0,0
35.1843,0.2562,21.4323,0.0207,142.67,0,0
35.3526,0.5481,19.479,0.0208,120.4709,0,0
27.0713,0.3422,14.3018,0.0224,90.1448,0,0
41.1659,0.4081,313.6482,0.3008,803.5529,4,1
20.1444,0.4473,19.9673,0.0228,126.3149,0,0
40.0838,0.5991,410.522,0.2789,658.816,2,1
36.3074,0.5761,24.8026,0.039,122.0811,0,0
40.6078,0.4975,15.9971,0.0285,158.7824,0,0
42.8708,0.4737,22.8648,0.0164,149.0348,0,0
30.8812,0.3592,20.1818,0.031,140.9676,0,0
27.217,0.3528,15.9955,0.0147,173.0451,0,0
29.0062,0.55,12.5877,0.0687,144.5051,0,0
27.9566,0.3446,14.7199,0.0123,121.0171,0,0
40.7656,0.3373,8.354,0.0659,64.6028,0,0
49.0935,0.406,35.9116,0.024,148.5739,0,0
29.3753,0.2774,32.1832,0.0462,108.4663,0,0
39.0405,0.5841,8.4952,0.0221,119.577,0,0
30.9192,0.5613,25.155,0.0238,137.9873,1,0
29.231,0.6454,26.7148,0.0265,121.3824,0,0
33.6174,0.3833,20.9351,0.0608,123.354,0,0
95.4447,0.8682,242.6733,0.3336,268.6667,2,1
33.3938,0.4002,351.8573,0.1652,240.8022,4,1
55.754,0.5167,20.4258,0.0069,122.3689,0,0
32.8033,0.3834,9.5621,0.0325,58.4893,1,0
25.6217,0.3694,20.6863,0.0098,162.4256,0,0
43.2254,0.5318,22.7997,0.0118,112.9225,0,0
19.2978,0.5796,22.3294,0.1036,182.4798,1,0
35.4852,0.2725,16.1217,0.0123,107.1346,1,0
41.8605,0.4972,24.6859,0.0043,123.7044,0,0
29.6974,0.5144,10.439,0.0097,107.5612,0,0
37.2409,0.3692,3.3671,0.0521,148.6889,0,0
44.6864,0.5547,18.6902,0.0404,107.417,0,0
29.3628,0.3338,7.3855,0.0674,120.5837,0,0
22.2877,0.9713,255.0872,0.3503,447.384,1,1
47.0121,0.3728,22.0813,0.0243,150.8068,0,0
37.3205,0.5029,24.7262,0.0166,79.7681,0,0
27.7286,0.3963,16.6148,0.0096,132.9259,0,0
33.8526,0.4455,15.6501,0.0472,135.0927,0,0
15.8672,0.6655,23.0845,0.0482,118.5036,0,0
35.21,0.7428,16.837,0.0813,136.153,0,0
42.5699,0.4871,24.3117,0.0007,114.1888,1,0
53.7617,0.3836,17.1133,0.034,126.0496,1,0
35.1023,0.3128,19.1684,0.0067,140.4967,0,0
43.2206,0.3718,24.1953,0.058,138.9736,0,0
34.5054,0.5204,13.7425,0.0049,119.1235,1,0
42.9912,0.4191,343.3071,0.4878,564.8853,4,1
8.0311,0.6974,15.127,0.0125,114.2928,0,0
35.8228,0.5509,16.6212,0.0148,88.3308,0,0
27.4365,0.4678,4.7288,0.0047,124.4837,0,0
95.719,0.911,465.599,0.1329,605.0911,1,1
28.4936,0.3808,12.2614,0.036,113.2544,0,0
25.8135,0.4471,12.4417,0.0062,159.8417,0,0
43.6576,0.4562,15.9408,0.0186,89.1056,0,0
14.6188,0.4568,7.3285,0.0433,168.5636,0,0
92.7111,0.9077,275.2878,0.365,268.2009,5,1
43.7112,0.5047,25.4147,0.007,100.7676,0,0
32.5967,0.5116,16.6176,0.006,94.4538,0,0
19.8515,0.5757,17.9133,0.0024,85.3952,0,0
38.802,0.3728,29.9551,0.01,141.0943,0,0
33.151,0.5972,18.4161,0.0395,60.7211,1,0
32.5096,0.2129,30.5372,0.0229,102.2615,0,0
23.7095,0.2378,12.2571,0.0009,129.3447,0,0
37.7046,0.4482,10.4976,0.0059,138.0064,0,0
38.3126,0.5275,27.6737,0.023,119.273,0,0
51.4497,0.4577,12.9891,0.0088,136.6807,0,0
37.8977,0.6094,20.6204,0.0329,96.7238,0,0
47.4608,0.9373,338.1086,0.1925,825.039,6,1
27.4462,0.6969,16.5936,0.0389,119.3627,0,0
56.2216,0.7006,12.5656,0.011,165.8624,0,0
32.7422,0.3542,16.4427,0.0176,141.0448,0,0
43.1351,0.2526,12.3606,0.0185,157.6302,0,0
23.0212,0.507,21.3461,0.0038,64.4094,0,0
25.2532,0.6081,17.1941,0.0448,99.5586,1,0
36.9906,0.4863,24.7447,0.0035,100.2788,0,0
37.8933,0.5865,340.7361,0.3832,583.6867,5,1
43.564,0.3949,18.0385,0.0398,95.294,0,0
36.5039,0.6467,10.6757,0.015,122.3435,0,0
31.9083,0.4146,13.0475,0.0236,101.5638,0,0
47.7768,0.3395,11.9869,0.0336,145.3152,0,0
49.7994,0.4504,20.773,0.0208,121.8699,0,0
29.9306,0.4884,18.9141,0.0364,151.4074,0,0
53.1245,0.5878,16.7441,0.005,132.8503,0,0
40.471,0.5678,21.9555,0.0044,89.041,0,0
29.5314,0.4268,9.884,0.0217,103.2861,0,0
19.4934,0.5443,22.2493,0.1101,103.1447,0,0
29.5658,0.226,24.6761,0.0115,101.4068,0,0
42.9943,1.0145,431.3591,0.1939,735.2539,9,1
32.6541,0.4792,18.1279,0.0021,93.7669,0,0
49.5114,0.5261,18.5319,0.0019,65.3772,0,0
38.2875,0.535,13.4871,0.0119,72.1232,0,0
29.4635,0.5803,25.6899,0.0076,80.9524,0,0
34.8775,0.4716,22.8427,0.1331,153.6558,0,0
31.8473,0.4065,7.1937,0.0235,166.0345,0,0
41.1417,0.3222,13.1349,0.0301,151.2129,0,0
25.9061,0.3683,18.4611,0.0419,100.3896,0,0
59.4575,0.3803,21.9955,0.0227,127.6851,0,0
49.6565,0.4288,21.0786,0.0328,79.0493,0,0
29.7728,0.438,13.6696,0.0261,102.8906,0,0
50.3804,0.3268,28.1703,0.0188,114.8923,0,0
53.8619,0.4911,19.6028,0.0157,118.1206,0,0
49.4127,0.5827,21.5613,0.1004,125.7779,0,0
90.8803,0.4662,275.1413,0.1442,438.1967,3,1
35.7409,0.2903,14.5584,0.0482,104.124,0,0
31.5729,0.2998,13.7496,0.0101,115.2508,0,0
